Title,yt_id
Life of The Buddha,7MXtNrSlInA
The Benefits of Seclusion // Bhante G,B5NUkciDxZU
The Benefits of Seclusion // Bhante G,B5NUkciDxZU
The Benefits of Seclusion // Bhante G,B5NUkciDxZU
The Benefits of Seclusion // Bhante G,B5NUkciDxZU
The Benefits of Seclusion // Bhante G,B5NUkciDxZU
The Benefits of Seclusion // Bhante G,B5NUkciDxZU
The Benefits of Seclusion // Bhante G,B5NUkciDxZU
The Benefits of Seclusion // Bhante G,B5NUkciDxZU
The Benefits of Seclusion // Bhante G,B5NUkciDxZU
The Benefits of Seclusion // Bhante G,B5NUkciDxZU
The Benefits of Seclusion // Bhante G,B5NUkciDxZU
The Benefits of Seclusion // Bhante G,B5NUkciDxZU
The Benefits of Seclusion // Bhante G,B5NUkciDxZU
The Benefits of Seclusion // Bhante G,B5NUkciDxZU
The Benefits of Seclusion // Bhante G,B5NUkciDxZU
The Benefits of Seclusion // Bhante G,B5NUkciDxZU
The Benefits of Seclusion // Bhante G,B5NUkciDxZU
The Benefits of Seclusion // Bhante G,B5NUkciDxZU
The Benefits of Seclusion // Bhante G,B5NUkciDxZU
The Benefits of Seclusion // Bhante G,B5NUkciDxZU
The Benefits of Seclusion // Bhante G,B5NUkciDxZU
The Benefits of Seclusion // Bhante G,B5NUkciDxZU
The Benefits of Seclusion // Bhante G,B5NUkciDxZU
The Benefits of Seclusion // Bhante G,B5NUkciDxZU
The Benefits of Seclusion // Bhante G,B5NUkciDxZU
The Benefits of Seclusion // Bhante G,B5NUkciDxZU
The Benefits of Seclusion // Bhante G,B5NUkciDxZU
The Benefits of Seclusion // Bhante G,B5NUkciDxZU
The Benefits of Seclusion // Bhante G,B5NUkciDxZU
The Benefits of Seclusion // Bhante G,B5NUkciDxZU
The Benefits of Seclusion // Bhante G,B5NUkciDxZU
The Benefits of Seclusion // Bhante G,B5NUkciDxZU
The Benefits of Seclusion // Bhante G,B5NUkciDxZU
The Benefits of Seclusion // Bhante G,B5NUkciDxZU
The Benefits of Seclusion // Bhante G,B5NUkciDxZU
The Benefits of Seclusion // Bhante G,B5NUkciDxZU
The Benefits of Seclusion // Bhante G,B5NUkciDxZU
The Benefits of Seclusion // Bhante G,B5NUkciDxZU
The Benefits of Seclusion // Bhante G,B5NUkciDxZU
The Benefits of Seclusion // Bhante G,B5NUkciDxZU
The Benefits of Seclusion // Bhante G,B5NUkciDxZU
The Benefits of Seclusion // Bhante G,B5NUkciDxZU
The Benefits of Seclusion // Bhante G,B5NUkciDxZU
The Benefits of Seclusion // Bhante G,B5NUkciDxZU
The Benefits of Seclusion // Bhante G,B5NUkciDxZU
The Benefits of Seclusion // Bhante G,B5NUkciDxZU
The Benefits of Seclusion // Bhante G,B5NUkciDxZU
The Benefits of Seclusion // Bhante G,B5NUkciDxZU
The Benefits of Seclusion // Bhante G,B5NUkciDxZU
The Benefits of Seclusion // Bhante G,B5NUkciDxZU
The Benefits of Seclusion // Bhante G,B5NUkciDxZU
The Benefits of Seclusion // Bhante G,B5NUkciDxZU
The Benefits of Seclusion // Bhante G,B5NUkciDxZU
The Benefits of Seclusion // Bhante G,B5NUkciDxZU
The Benefits of Seclusion // Bhante G,B5NUkciDxZU
The Benefits of Seclusion // Bhante G,B5NUkciDxZU
The Benefits of Seclusion // Bhante G,B5NUkciDxZU
The Benefits of Seclusion // Bhante G,B5NUkciDxZU
The Benefits of Seclusion // Bhante G,B5NUkciDxZU
The Benefits of Seclusion // Bhante G,B5NUkciDxZU
The Benefits of Seclusion // Bhante G,B5NUkciDxZU
The Benefits of Seclusion // Bhante G,B5NUkciDxZU
The Benefits of Seclusion // Bhante G,B5NUkciDxZU
The Benefits of Seclusion // Bhante G,B5NUkciDxZU
The Benefits of Seclusion // Bhante G,B5NUkciDxZU
The Benefits of Seclusion // Bhante G,B5NUkciDxZU
The Benefits of Seclusion // Bhante G,B5NUkciDxZU
The Benefits of Seclusion // Bhante G,B5NUkciDxZU
The Benefits of Seclusion // Bhante G,B5NUkciDxZU
The Benefits of Seclusion // Bhante G,B5NUkciDxZU
The Benefits of Seclusion // Bhante G,B5NUkciDxZU
The Benefits of Seclusion // Bhante G,B5NUkciDxZU
The Benefits of Seclusion // Bhante G,B5NUkciDxZU
The Benefits of Seclusion // Bhante G,B5NUkciDxZU
The Benefits of Seclusion // Bhante G,B5NUkciDxZU
The Benefits of Seclusion // Bhante G,B5NUkciDxZU
The Benefits of Seclusion // Bhante G,B5NUkciDxZU
The Benefits of Seclusion // Bhante G,B5NUkciDxZU
The Benefits of Seclusion // Bhante G,B5NUkciDxZU
The Benefits of Seclusion // Bhante G,B5NUkciDxZU
The Benefits of Seclusion // Bhante G,B5NUkciDxZU
The Benefits of Seclusion // Bhante G,B5NUkciDxZU
The Benefits of Seclusion // Bhante G,B5NUkciDxZU
The Benefits of Seclusion // Bhante G,B5NUkciDxZU
The Benefits of Seclusion // Bhante G,B5NUkciDxZU
The Benefits of Seclusion // Bhante G,B5NUkciDxZU
The Benefits of Seclusion // Bhante G,B5NUkciDxZU
The Benefits of Seclusion // Bhante G,B5NUkciDxZU
The Benefits of Seclusion // Bhante G,B5NUkciDxZU
The Benefits of Seclusion // Bhante G,B5NUkciDxZU
The Benefits of Seclusion // Bhante G,B5NUkciDxZU
The Benefits of Seclusion // Bhante G,B5NUkciDxZU
The Benefits of Seclusion // Bhante G,B5NUkciDxZU
The Benefits of Seclusion // Bhante G,B5NUkciDxZU
The Benefits of Seclusion // Bhante G,B5NUkciDxZU
The Benefits of Seclusion // Bhante G,B5NUkciDxZU
The Benefits of Seclusion // Bhante G,B5NUkciDxZU
The Benefits of Seclusion // Bhante G,B5NUkciDxZU
The Benefits of Seclusion // Bhante G,B5NUkciDxZU
The Benefits of Seclusion // Bhante G,B5NUkciDxZU
The Benefits of Seclusion // Bhante G,B5NUkciDxZU
The Benefits of Seclusion // Bhante G,B5NUkciDxZU
The Benefits of Seclusion // Bhante G,B5NUkciDxZU
The Benefits of Seclusion // Bhante G,B5NUkciDxZU
The Benefits of Seclusion // Bhante G,B5NUkciDxZU
The Benefits of Seclusion // Bhante G,B5NUkciDxZU
The Benefits of Seclusion // Bhante G,B5NUkciDxZU
The Benefits of Seclusion // Bhante G,B5NUkciDxZU
