Title,yt_id
The Five Aggregates | Ven Bhante G,Rc0_Pk29xro
The Direct Way | Ven Bhante G,l1nQ_SLNUPA
The Teaching of Suffering | Ven Bhante G,T0_bM1YLv_M
15 Ways Buddhism Is Unique | Ven Bhante G,2lmWuJX83go
"Buddha, Dhamma and Sangha | Ven Bhante G",1BoB83Ow9Uo
What is Kamma? | Ven Bhante G,dNvTLeqbo4s
Mindfulness of Death | Ven Bhante G,KJecm8ZXvLA
Jhana: Sati (Mindfulness) | Ven Bhante G,AAmSMzulvhA
Nama Rupa | Ven Bhante G,oE5QOe2Q90I
Jhana: The 7 Factors of Enlightenment | Ven Bhante G,Zzk_geUqfPg
Jhana: The 5 Hindrances | Ven Bhante G,sH88b8xW27E
8 Great Thoughts | Ven Bhante G [dark screen],MF7k9CZ9HTc
The 4 Foundations of Mindfulness | Ven Bhante G,NzoLLnqMsgU
The Goal of Meditation | Ven Bhante G,HuylcTOmGfI
Jhana: Enlightenment | Ven Bhante G,TYJ0vBWLO0w
The Discourse on the Not-self Characteristic (SN22.59) | Ven Bhante G,r-XpKw2BzpA
Metta | Ven Bhante G,19lVAsxW_fI
Bhante Gunaratana Q&A - Liberation in This Very Life,ui4yu5f-cqA
"83 Years in Robes, Indicators of Enlightenment, & Euthanasia | Bhante Gunaratana Q&A",8RsHuEkNk5I
Misunderstanding of Metta Practice - Bhante Gunaratana - 20160312,-Il0tzMvCfE
"""Kamma"" by Bhante Henepola Gunaratana - 20210912",NdNZMGFMiTk
"Bhante Gunaratana: Metta Retreat, Day 1, Dhamma Talk, Part 1, 10-21-14",Sxn-BhMDV7U
"Bhante Gunaratana: Metta Retreat, Day 1, Dhamma Talk, Part 2, 10 21 14",sgtCWeVx7a0
Bhante Gunaratana-Metta Retreat-Day 1-Q&A Part 1-10-21-14,HlhVdksPFJE
"Bhante Gunaratana: Metta Retreat, Day 1, Q&A, 10-21-14, Part 2",VoyWcYoEQSM
"Bhante Gunaratana, Metta Retreat, Day 2, Dhamma Talk, Part 1, 10-22-14",zflUrN64RBY
"Bhante Gunaratana, Metta Retreat, Day 2, Dhamma Talk, Part 2, 10-22-14",MC6Bpf-YVSU
"Bhante Gunaratana, Metta Retreat, Day 2, Q&A, Part 1, 10-22-14",633aOCCCv3Y
"Bhante Gunaratana, Metta Retreat, Day 2, Q&A, Part 2, 10-22-14",-LWsNdY7yLc
"Bhante Gunaratana, Metta Retreat, Day 3, Dhamma Talk, Part 1, 10-23-14",EkLxOoOoBtQ
"Bhante Gunaratana, Metta Retreat, Day 3, Dhamma Talk, Part 2, 10-23-14",QAi8QsTLE3c
"Bhante Gunaratana, Metta Retreat, Day 3, Q&A, Part 1, 10-23-14",dGZ78YI7HQc
Bhante Gunaratana's Introduction to Meditation,AUfeBTrrNl8
"Bhante Gunaratana, Metta Retreat, Day 3, Q&A, Part 2, 10-23-14",xMXnztF96Pg
"Bhante Gunaratana, Metta Retreat, Dhamma Talk, Day 4, Part 1, 10-24-14",BBuqElVGUis
"Bhante Gunaratana, Metta Retreat, Day 4, Dhamma Talk, Part 2",4hk9NS72WdA
"Bhante Gunaratana, Metta Retreat, Day 5, Dhamma Talk, Part 1",fNPi9Tp623I
"Bhante Gunaratana, Metta Retreat, Day 5, Dhamma talk, Part 2",WfuZAqFCHL0
"Bhante Gunaratana, Metta Retreat, Day 5, Q&A, Part 1",Jg72bTANrBk
"Bhante Gunaratana, Metta Retreat, Day 5, Q&A, Part 2, 10-25-14",a-g-aaPB1dk
Dhamma Talk by Bhante Gunaratana 12 07 2014,FeMO42FiCXw
Dhamma Talk by Bhante G New Year's Day 2015,S3yTCCxB414
Sutta Discussion 10-18-14 : MN 151 - part 1,wwDTXwg_Iqs
Sutta Discussion 10-18-14 : MN 151 - part 2,EKw5rCDZx9o
Sutta Discussion 10-11-14 : MN 152 - part 1,ETrFCWL6nNk
Sutta Discussion 10-11-14 : MN 152 - part 2,WhGZGbezhAc
"Bhante Gunaratana's Guided Meditation, Poya, Jan 2015",aNpYRg5_uvQ
"Noble EightFold Path Retreat, Dhamma Talk, April 2015, Day 1",qXP7J8PpgI8
"Noble Eightfold Path Retreat, Q&A, Day 1, April 2015",JeTDNIvMMPU
"Noble Eightfold Path Retreat, Day 2, Q&A",teye_IiwH-4
"Noble Eightfold Path Retreat, Day 2, Dhamma Talk",xKXNk2m7yqg
"Noble Eightfold Path, Day 3, Dhamma Talk",6aTkfMWS7XY
"Noble Eightfold Path Retreat, Day 3, Q&A",SweG2u828uY
"Noble Eightfold Path Retreat, Day 4, Dhamma Talk",rdowEgk6DxA
"Noble Eightfold Path Retreat, Day 4, Q&A",RZg5RQA4CLY
"Noble Eightfold Path, Day 5, Dhamma Talk",uCmDY587LMQ
"Noble Eightfold Path, Day 5, Q&A",YYZfeDpVS0M
"Noble Eightfold Path Retreat, April 2015, Day 6",V4b3NducQNU
"Noble Eightfold Path Retreat, April 2015 Day 6 Q&A",qWct7C4YpMY
"Jhana Retreat, Bhavana Society, July 2015, Video 4",tz3k1Z1Ifs8
"Jhana Retreat, Bhavana Society, Q&A, July 2015, Video 5",Rw03YZAYDVw
"Jhana Retreat, Bhavana Society, July 2015, Q&A, Video 6",eL5Eg--qolA
"Jhana Retreat, Bhaana Society, July 2015, Video 7",z1_O4tqlW7w
"Jhana Retreat, July 2015, Introduction",9IHYxotraoA
2016 Intro to Samatha & Vipassana Retreat - Talk on Vipassana with Bhante G,y3RwbiIiSJ0
2016 Intro to Samatha & Vipassana Retreat - Q&A with Bhante Gunaratana,gfHI28bzANQ
2016 Jhana Retreat - Day 1 Dhamma Talk - Bhante G,BwlcmbmBPl4
2016 Jhana Retreat - Day 1 Q&A - Bhante G,gSvosvq-LvM
2016 Jhana Retreat - Day 2 Dhamma Talk - Bhante G,BWEynDundxE
2016 Jhana Retreat - Day 2 Q&A - Bhante G,Wgdula5AaP8
2016 Jhana Retreat - Day 3 Dhamma Talk - Bhante G,mYsoUooqrAQ
2016 Jhana Retreat - Day 3 Q&A - Bhante G,KNr-0Bp9vfM
2016 Jhana Retreat - Day 4 Dhamma Talk - Bhante G,ncFaZymRDTg
2016 Jhana Retreat - Day 4 Q&A - Bhante G,JQU6wRQ4FcU
2016 Jhana Retreat - Day 5 Dhamma Talk - Bhante G,qJuLOLf660s
2016 Jhana Retreat - Day 5 Q&A - Bhante G,WqzNBf2JzS4
2016 Bojjhanga Retreat : Day 1 Q&A : Bhante G,7EgwOWrhTF0
2016 Bojjhanga Retreat : Sati : Bhante G,CQwvryMfbOw
2017 Vipassana and Yoga Retreat : Day 1 Q&A : Bhante Rahula,CY8J_-A9gDI
2017 Metta Retreat : First Day Dhamma Talk : Bhante Gunaratana,6QnyxpCkqQU
2017 Metta Retreat : Day 1 Q&A : Bhante Gunaratana,OYLExA5HWHQ
2017 Metta Retreat: Wrapping Up Metta : Bhante Gunaratana,xbZq1a5oUYM
2017 Metta Retreat : Day 5 Q&A : Bhante Gunaratana,cH-2RLH4Gy0
Bhante Gunaratana talk on his 90th birthday celebration,tPiHrWnpSX4
Sammaditthi Sutta: Discourse on Right Understanding Second Factor - Nutriments by Bhante Gunaratana,B6KYI2svdUo
SammaDitthi / Right Understanding Sutta - Fourth Factor: Aging & D e a t h By Bhante Gunaratana,YZtBa7qXu74
SammaDitthi Sutta: Discourse on Right Understanding - Seventh Factor: Clinging by Bh. Gunaratana,Vq3E2k5n5xc
SammaDitthi Sutta: Discourse on Right Understanding - Eighth Factor: Craving by Bh. Gunaratana,yPZ1ABHfZfY
SammaDitthi Sutta Discourse on Right Understanding Ninth Factor: Feeling by Bh Gunaratana,ekXbjML8O38
SammaDitthi Sutta Discourse on Right Understanding Ninth Factor: Feeling Pt 2 by Bh Gunaratana,jsgpK2o3id8
SammaDitthi Sutta Discourse on Right Understanding Tenth Factor: Contact by Bh Gunaratana,X_3CtxcsuvQ
SammaDitthi Sutta Discourse on Right Understanding Eleventh Factor: SixFold Base by Bh Gunaratana,Ec-wF8SgiXs
SammaDitthi Sutta Discourse on Right Understanding Thirteenth Factor: Consciousness by Bh Gunaratana,JQ1F_1NlAU8
SammaDitthi (Right Understanding) Sutta Twelfth Factor: Mentality-Materiality by Bh Gunaratana,mR--i121xiQ
SammaDitthi Sutta Discourse on Right Understanding Sixth Factor: Being by Bh Gunaratana,Gfd3A_Q6cVQ
SammaDitthi Sutta Discourse on Right Understanding Fifth Factor: Birth by Bhante Gunaratana,kVd7xhix7gU
SammaDitthi (Right Understanding) Sutta - Third Factor: Four Noble Truths By Bhante Gunaratana,s7m9bTAnfgg
SammaDitthi Sutta: Discourse on Right Understanding - First Factor: Actions By Bhante Gunaratana,oqAodwy-Bq4
Sammaditthi Sutta Discourse on Right Understanding Concluding Class By Bhante Gunaratana,OM-BX9O0sXM
MN 149 Mahasaḷayatanika sutta -The Great Sixfold Base - Bhante Gunaratana (2019 05 04),Iis3_tSQEg4
"Bhante Gunaratana: MN 140, Dhatuvibhanga Sutta - The Exposition of the Elements Pt 1 (2019 05 11)",0HrfbQg9lgY
Bhante Gunaratana 2019 Vesak Day Address,g-qKltx1zlM
"Bhante Gunaratana: MN 140, Dhatuvibhanga Sutta - The Exposition of the Elements Pt 2 (2019 06 18)",uFi_URg2Syo
Bhante Gunaratana: Dependent Origination Maha-nidana Sutta: The Great Causes Discourse Class 1,BWkpePRDfYY
Bhante Gunaratana: DN 15 Maha-nidana Sutta: The Great Causes Discourse Class 2,_a3T4LtlKjs
Bhante Gunaratana: DN 15 Maha-nidana Sutta: The Great Causes Discourse Class 3,WnZ6fU8R7ps
Bhante Gunaratana: DN 15 Maha-nidana Sutta: The Great Causes Discourse Class 4,Qgpqw9mK_so
"Bhante Gunaratana: Dependent Origination - What is Ignorance?, Class 5",PRqFKhGwFZY
"Bhante Gunaratana: Dependent Origination - Class 6, Examples of Ignorance",NbxU_LEyhSU
"Bhante Gunaratana: Dependent Origination - Class 7, Sankhara (Volitional Formations)",SnPSK6faZ1g
Bhante Gunaratana: Dependent Origination - Class 8 Consciousness,zH9f60-h0Yc
Alagaduppama Sutta: The water-snake simile by Bhante Gunaratana Part 1,7JPBilKQbAg
Alagdupaama Sutta The Water Snake Simile By Bhante Gunaratana Part 2,u8KfK70lFrk
Bhante Gunaratana: Dependent Origination - Class 10 Consciousness Pt 3,i87ppx1zJUU
Bhante Gunaratana: Dependent Origination - Class 9 Consciousness Pt 2,PzECYos4Ft0
Bhante Gunaratana: 2020/03/28 AM COVID-19 Metta Meditation + Q&A,WkvFx5FHeN8
Bhante Gunaratana: 2020/03/27 AM COVID-19 Metta Meditation + Q&A,-2KjVc4eeSw
Bhante Gunaratana: 2020/03/26 AM COVID-19 Metta Meditation + Q&A,Wr74KCAZir8
Bhante Gunaratana: 2020/03/25 AM COVID-19 Metta Meditation + Q&A,vG_09aPPQLw
Bhante Gunaratana: 2020/03/24 AM COVID-19 Metta Meditation + Q&A,D69Nqz_-svc
Bhante Gunaratana: 2020/03/31 AM COVID-19 Metta Meditation + Q&A,6tlf7iPz_DU
Bhante Gunaratana: 2020/03/28 PM COVID-19 Metta Meditation + Q&A,uCzzupvn_cw
Bhante Gunaratana: 2020/03/30 PM COVID-19 Metta Meditation + Q&A,qLyfrygg4vs
Bhante Gunaratana: 2020/03/31 PM COVID-19 Metta Meditation + Q&A,xhyu3o0kiwM
Bhante Gunaratana: 2020/04/01 AM COVID-19 Metta Meditation + Q&A,j7bWbW3iLag
Bhante Gunaratana: 2020/03/29 AM COVID-19 Metta Meditation + Q&A,jXvns6NYF6E
Bhante Gunaratana: 2020/04/01 PM COVID-19 Metta Meditation + Q&A,UkkJ3MepQ2U
20200403 BG PM Instructions + Q&A on Old/New Kamma; Nature of Awareness,xZNVrwfjx00
"20200404 BG AM Metta Instructions + Q&A on Consciousness; Enlightened Beings, Death and Samsara",gsLqynbvEb4
Bhante Gunaratana: 2020/04/05 AM COVID-19 Metta Meditation + Q&A,QOZn9Rg28-E
Bhante Gunaratana: 2020/04/02 AM COVID-19 Metta Meditation + Q&A,6lnW9YfiI_0
Bhante Gunaratana: 2020/04/04 PM COVID-19 Metta Meditation + Q&A,ns8mzJtGMjE
Bhante Gunaratana: 2020/04/03 AM COVID-19 Metta Meditation + Q&A,1U2EQUk-WB4
"20200405 BG PM Meditation + Q&A on Dealing with Covid-19, Aloneness / Anxiety",XvlkHJmPEAA
"20200406 BG AM Meditation + Q&A on Metta Benefits, Ratana Sutta Chanting",YpPG89JnDZk
"20200406 BG PM Meditation + Q&A on Dealing with Regrets, Covid-19, Anxiety and more...",x6OFRkKy-K8
"20200407 BG AM Meditation + Q&A on Anger / Resentment, Developing Practice",uIjUov9K0es
"20200408 BG AM Meditation + Q&A on Mahamandala Sutta, Emptiness, Frustration n Mental Proliferation",04v1RglRA2M
20200407 BG PM Covid-19 Metta Meditation + Q&A,jjyr2L4VHjY
"20200408 BG PM Meditation + Q&A on Kamma, Craving, Stages of Enlightenment, and Restlessness",TrldFGw58n8
"20200409 BG AM Metta Instructions + Q&A on Ethical Conduct, Concentration; and Dealing w/ Regrets",6jr-9FDyTns
"20200409 BG PM Metta Instructions + Q&A on Metta, Five Aggregates and Dependent Origination",Bd7QlL43yrs
20200410 BG AM Metta Instr. + Q&A on Life Advice; Metta n Sleep; Jhanas; Right Effort; Sexual Lust;,83CWFve7vvU
20200416 AM Metta Instructions + Dependent Origination Dhammatalk #1 by Bhante Gunaratana,VTwHAA9qM1g
20200416 BG PM Metta Instructions + Q&A on Sixty Places of Craving; Karma n Dependent Origination,YkJD4p7P6u4
20200410 BG PM Metta Instructions + Q&A on Rebirth; Joy; Ashubha Contemplation; Chanting,ZCKGikSQB9s
20200417 AM Metta Instructions + Dependent Origination Dhamma Talk #2 Ignorance,T7GpfkDZjoY
"20.04.17 PM Metta Instr. + Q&A on Eternalism vs. Nihilism, The Middle Path; Snake & Boat simile",pocm8xEijQI
20.04.18 BG AM Metta Instructions + Dependent Origination Dhamma talk #3 Ignorance,79dMJBIn8D4
20.04.18 PM Metta Instructions + Q&A on Dependent Origination- Ignorance Day#3 by Bhante Gunaratana,62t3FyAiE8E
20.04.19 BG AM Metta Instructions + Dependent Origination Talk #4 - Factors supporting Ignorance,V9CNwmQ4RhY
20.04.11 AM Metta Instructions + Q&A on Impermanence; Self / Not-self ; Mindfulness; Right Effort,o1tDiavLA34
20.04.11 PM Metta Instructions + Q&A on Morality; 5 Aggregates; Sutta Study; Mindfulness of Dhammas,qQ3eUvWU5r8
20.04.12 AM Metta Instructions + Q&A on Kamma; Reincarnation; Hindrances; Enlightenment Factors,BWEKTfCvP_U
20.04.20 BG AM Metta Instr. + Dependent Origination Dhamma Talk #5 Fetters - Personality View & Doubt,lEnyRRfRArA
20.04.12 PM Metta Instr. + Q&A on Dhamma; Metta Benefits vs. Mindfulness Practice; Generosity,Up2PYgTBAmM
20.04.13 BG PM Metta Instructions + Q&A on Dukkha; Four Postures; Metta vs Anger; Self-hatred,8bpkPVPfz6s
20.04.19 BG PM Metta Instructions + Q&A on Dependent Origination,GQ_6NB5dI_I
20.04.15 BG PM Metta Instr. + Q&A on Conceit; Mind training; Equanimity; Consciousness; Dreams,lo9L1OH7yPc
20.04.13 BG AM Metta Instr. + Q&A on Sutta repetition; Right View; Ways to Enlightenment; Hindrances,750dNfS7OtA
20.04.15 BG AM Metta Instructions + Q&A on Impermanence; Fetters Vs. Hindrances; Ignorance;,Mhda7FlExuU
20.04.14 BG AM Metta Instr. + Q&A on Self / Non-self; Sankhara; Jhanas; Tetrads; Thought-Worlds,-GlAiuqCABE
20.04.21 BG AM Metta Instr. + Dependent Origination Dhamma Talk #6 Underlying Tendencies & Fetters,-m-dvIJv5os
20.04.14 BG PM Metta Instr. + Q&A on Abhidhamma; Dependent Origination; Concentration; Meditation,LPs8ifFdZuQ
20.04.20 BG PM Metta Instructions + Q&A on Dependent Origination,RBEn8WRZb2I
20.04.22 BG AM Metta Instructions + Dependent Origination Dhamma Talk #7 Fetters cont.,3KI1Ff00grs
20.04.21 BG PM Metta Instr. + Q&A on Sankhara; Impermanence; and Dependent Origination,BQJ58JtFImw
20.04.23 BG AM Metta Instr. + Dependent Origination Dhamma Talk #8 Eliminating Fetters,EvXiCahNR-A
20.04.24 BG AM Metta Instr.+ Dependent Origination Dhamma Talk #9 Buddha's Discourse on Fetters MN2,PnaElhZPnG8
20.04.25 BG AM Metta Instr. + Dependent Origination Dhamma Talk #10 Ignorance and Five Aggregates,QYsxLU46nNA
20.04.23 BS PM Metta Instructions + Q&A on Corona Karma; Restlessness; Struggles of Alonenness,mxWQRpvA-fY
20.04.24 BS PM Metta Instructions + Q&A on Girimananda Sutta; Self-confidence; Impermanence;,6Apm18PjxYk
20.04.26 BG AM Metta Instr. + Dependent Origination DhammaTalk #11 Ignorance Perpetuating thru Perception,SyqzVV4gBH0
20.04.25 BS PM Metta Instructions + Q&A on Life's purpose; Anicca; Right Thought,da9db4gVSVY
"20.04.27 Physical, Verbal & Mental Sankhara // Bhante Gunaratana //Dhamma Talk & Metta Instructions",p3wIXYVD_eM
20.04.28 Sankhara and Kamma // Bhante Gunaratana // Dhamma Talk & Metta Instructions,-lYPi81lLng
20.04.29 Sankhara - Five Aggregates // Bhante Gunaratana // Dhamma Talk & Metta Instructions,qbucXKFH6io
20.04.30 Aggregate of Volitional Activities // Bhante Gunaratana // Dhamma Talk & Metta Instructions,PYydLqU8cks
20.05.01 Steps to See Things as They Really Are // Bhante Gunaratana // Dhamma Talk & Metta Instr.,0M0S8lpVfaQ
20.05.02 Understanding Kamma and Sankhara // Bhante Gunaratana // Dhamma Talk & Metta Instructions,r7_4Eaay_08
20.05.03 Merits // Bhante Gunaratana // Dhamma Talk & Metta Instructions,gdMz_LU3nEo
20.05.04 Meritorious Service // Bhante Gunaratana // Dhamma Talk & Metta Instructions,B3gUeGbPqeQ
20.05.08 Working of Kamma // Bhante Gunaratana // Dhamma Talk & Metta Instructions,nzaTdbrS4_8
"20.05.10 ""Vijnana - Six types of Consciousness"" // Bhante Gunaratana // Dhamma Talk & Metta Instr.",5Ea3_ibDdgM
"Jun 14th, 2020 Meditation & Q&A Session // Bhante Gunaratana",2alD9J1qO2Q
"2020.08.13 --- Morning Meditation + Q&A Session w/Ven. Gunaratana -- ""Seeing Impermaence in Breath""",zERdE5lsPKw
2020.09.23 Morning Session W/ Ven. Gunaratana,bZlB3b4n0hk
2020.10.22 Morning Session w/ Bhante G,EYCXPZte_TQ
2020.11.28 - Bhavana morning session w/ Bhante G,uuuMPUpZCoA
2020.12.06 -- Bhavana morning session w/ Bhante G (Topic: grief from death of a loved one),iFQJeKUwnXo
Samma sankappa,Q8ubVAnCKks
2021.09.19 - Bhante G Dhamma for kids,2W3GQdLmj8o
2021.09.26 - Bhante G Dhamma for kids,O57uj1NF-Zc
2021.08.29 - Bhante G Dhamma for kids,dL0VpNzHjvE
2021.08.22 - Bhante G Dhamma for kids,K0t1XYDh7Dw
2021.08.08 - Bhante G Dhamma for kids,VwfdcPIV3V4
2021.08.01 - Bhante G Dhamma for kids,gJCYWrsLs2A
2021.10.10 - Bhante G Dhamma for kids,zMWnPyFLNNI
2021.10.03 - Bhante G Dhamma for kids,c4tcNLkcqpY
2021.10.31 - Bhante G Dhamma for kids,Yr-1Ckt68bI
2021.11.13 - Bhante G Weekly Meditation & Dhamma Talk,Ncyz2tZJel4
2021.10.17 - Bhante G Dhamma for kids,XEGg7cIrG8M
2021.11.07 - Bhante G Dhamma for kids,AhltNAyQGIo
2021.11.14 - Bhante G Weekly Guided Meditation + Q&A Session,o84zBeizXuU
2021.11.21 - Bhante G Dhamma for kids,v5BYBSKCbfI
2021.11.14 - Bhante G Dhamma for kids,QDqLheLGAeo
2021.11.28 - Bhante G Dhamma for kids,6q2nBINQJ_U
The Benefits of Seclusion // Bhante G,B5NUkciDxZU
Dhamma for Kids // Mangala Sutta // Lesson 1 // with Bhante G,QW77t1Kun08
Life of The Buddha,7MXtNrSlInA
Dhamma for Kids // Mangala Sutta // Lesson 2,ATtaAWlad24
Bhante G Oral History // Childhood Stories // Pt.1 // Bhavana VHS Archives,6VlbWEQpvvk
Dhamma for Kids // Mangala Sutta // Lesson 3,yKSPlycs6kw
The Mindful Way // Introduction to Meditation and Buddhism with Bhante G // VHS Archives - 1987,NgKpZGdPo9w
Dhamma for Kids // Lesson 4 // Mangala Sutta with Bhante G,LiOQ9YntMzg
Metta Retreat 2022 - April 9 Morning Dhamma talk with Bhante Gunaratana,nYcFzQupzoc
"Metta Retreat 2022, April 10 Morning Dhamma talk with Bhante Gunaratana - Benefits of Metta Practice",PyIJORMFWuA
40th Bhavana Anniversary & Vesak Day Morning Session By Bhante Gunaratana | 2022 May 15,z-69wmvfK_g
"2022 May 28, Intro to Meditation Retreat, Guided Meditation and Dhamma Talk, Bhante Gunaratana",GDZrNOlPSIc
"2022.07.18 - Nibbedika Pariyaya Sutta w/ Bhante G, Sutta Studies Retreat",3V5H7F-Hdf0
"2022.07.17 - Mahadupindika Sutta w/ Bhante G, Sutta Studies Retreat",7D4r9dTfEqA
2022.09.18 Kids session with Bhante G,2QghUFNgjLI
Anapanasati sutta - part 1 - 03/18/23,Tx3rDaUCjP0
Anapanasati sutta - part 3 - 04/01/23,tCE99XzDVuM
Kids talk #3- 04/02/23,b2Nt6b4WJOc
Anapanasati sutta - part 4 - 04/15/23,VtYDt9JHlrg
Metta Retreat Day 1 Guided Meditation (04/08/23),eeHbske_orw
Metta Retreat Day 1 Dhamma Talk (04/08/23),dCbleVEDbYI
Kids talk #5- 04/16/23,5paAQyEmFgI
11 June 2023 Q&A session with Bhante G,IJ6UHp6RRuo
7-16-23 Bhante G Alagaddupama Sutta,uVeC8KOlm-Y
7-17-23 Bhante G Meghiya Sutta,M3Hqo23VA_k
7-17-23 Bhante S Maha Mangala Sutta - Part 2,XPXU_5-qbPQ
7-20-23 Bhante G Dakkhina Vibhanga Sutta,qdEt5cl0jQ4
Bhavana Society Dhamma Sessions,3iVSaOX-yU8
20.05.05 Skillful - Unskillful Kamma // Bhante Gunaratana // Dhamma Talk & Metta Instructions,GSmXoKsYq-Y
20.05.06 Relationship between Kamma and Intention // Bhante Gunaratana // Dhamma Talk & Metta Instr,uxdUWJjeMSs
"'Significance of Vesak & What Makes the Buddha Great""// Bhante Gunaratana // 2020 VESAK Dhamma Talk",fDjbhHfkOuY
20.05.08 Working of Kamma // Bhante Gunaratana // Dhamma Talk & Metta Instructions,jwgvMfm-IfQ
20.05.09 Wholesome - Unwholesome Kamma // Bhante Gunaratana // Dhamma Talk & Metta Instructions,5IklDmdNzTI
"""Citta, Mano, Vinnana - Consciousness Definitions & Distinctions"" //Bhante Gunaratana// May 11, 2020",bSNisvpGPaM
'Namarupa : Mentality - Materiality factor of Dependent Origination' // Bhante Gunaratana,C62h-GRKD9Q
"""Dependency Between Mentality-Materiality & Consciousness"" // Bhante Gunaratana // May 13, 2020",iaDAfr-xkFE
Dependency Bet. Mentality-Materiality & Consciousness//Bhante Gunaratana // Reiteration 5/13 class,2fzCSBQoWcA
"'Factors Supporting Mentality - Materiality and Consciousness' // Bhante Gunaratana // May 15, 2020",fOmwJ9YAkCM
"'Way Leading to Cessation of Mentality - Materiality' // Bhante Gunaratana // May 16th, 2020",6CU_iCpAhXA
"Salayatana - Six-fold Sense Base factor of Dependent Origination// Bhante Gunaratana // May 18, 2020",4B8ncumXV8c
"'Day 2-Six-fold Sense Base factor of Dependent Origination' // Bhante Gunaratana // May 19th, 2020",0wxZyHE9Pvk
"'Day 3 - Six-fold Sense Base factor of Dependent Origination' // Bhante Gunaratana // May 20, 2020",P0hRnvYuxV4
"'Day 4 - Six-fold Sense Base factor of Dependent Origination' // Bhante Gunaratana // May 21, 2020",S_NvrRsxDVg
"'Day 5 - Six-fold Sense Base factor of Dependent Origination' // Bhante Gunaratana // May 22, 2020",ZsRj-90OAUE
"Day 6 - Six-fold Sense Base factor of Dependent Origination' // Bhante Gunaratana // May 23, 2020",_rmkjrGSl6U
May 25. 2020 Meditation & Dhamma Talk on Dependent Origination // Bhante Gunaratana,CZ5gObyoz-4
May 26th. 2020 Metta Meditation & Dhamma Talk on Dependent Origination // Bhante Gunaratana,IMTdu1ho74c
"""The Seamstress "" Dhamma Talk on Dependent Origination // Bhante Gunaratana // May 27th. 2020",M7H7b2Cag_g
"Talk #1 ""Feeling"" factor of Dependent Orig.// Bhante Gunaratana // Meditation & Talk // May 28. 2020",WATblUPh60Y
"Talk #2 ""Feeling"" factor of Dependent Orig.// Bhante Gunaratana // Meditation & Talk // May 29. 2020",FIx_NoqiCcg
"Talk #3 ""Feeling"" factor of Dependent Orig.// Bhante Gunaratana // Meditation & Talk // May 30, 2020",DUmERPyV_QA
"Talk #4 ""Eighteen Kinds of Feelings"".// Bhante Gunaratana // Meditation & Talk // May 31, 2020",2tnI-U3LQPk
"Talk #5 'Feelings' factor of Dependent Origination // Bhante Gunaratana // Jun 1st, 2020",A-B-RaZqzEU
"Talk #6 ""Strategies to Avoid Angry Feelings' // Bhante Gunaratana //Meditation & Talk //Jun 2, 2020",YmH-Ku9V540
"Meditation & Questions and Answers Session on Dependent Origination//Bhante Gunaratana //Jun 3, 2020",TvgPsGIhcQo
"Talk #7 ""Feeling"" factor of Dependent Origination//Bhante Gunaratana//Meditation & Talk//Jun 4, 2020",2GEX86cdpaM
"Jun 5th, 2020 Meditation and Q&A session on Dependent Origination // Bhante Gunaratana",uE3vFhymOW0
"Talk #8 ""Insight from Worldy & Un-Wordly Feelings"" // Bhante Gunaratana // Jun 6, 2020",DdL1GQCTq78
"""Fear; Memory; Helpful Practice Reflections"" // Bhante Gunaratana //Meditation + Q&A // Jun 7, 2020",c53C2WUXXNA
How 'Mindfulness of Feeling' cultivates the '7 Factors of Enlightenment' -- Dhamma talk w/ Bhante G,UsIy5C6k7wg
"'Understanding Pitti/Sukha; Non-Duality; Ignorance; Monkey mind; Rebirth"" // Bhante Gunaratana",d36nTdVR2-8
"Talk #10 ""Two kinds of Happiness"" // Bhante Gunaratana // Meditation & Dhamma Talk // Jun 11th,2020",Zn4PXblbeD4
"Meditation & Q&A on ""Joy; Rebirth; Enlightenment Factors; Arhants; Practice"" // Bhante Gunaratana",3bFtDdQKbEg
"Talk #1 ""Understanding Craving"" factor of Dependent Origination // Bhante Gunaratana",RSEpE5rhLO0
"Talk#2 ""Places of Craving to Arise and Settle Down""// Bhante Gunaratana // Meditation & Dhamma Talk",A7DAKDbItWE
"Jun 17th, 2020 Meditation & Q&A Session // Bhante Gunaratana",iCF8ewrjVyo
"Talk #3 ""Craving"" factor of Dependent Origination // Bhante Gunaratana // Jun 18th, 2020",J8QsGkGP-N4
"Jun 19th, 2020 Meditation and Q&A Session // Bhante Gunaratana",Y5ijQ3_TMZY
"Talk #4 ""Craving"" factor of Dependent Origination // Bhante Gunaratana // Meditation & Dhamma Talk",lQNmNBceTdc
"Jun 21st, 2020 Meditation & Q&A session // Bhante Gunaratana",WiY3Dyg91Ss
"""Elimination of Taints through Restraint (#1)"" // Bhante Gunaratana // Meditation & Dhamma Talk",QAO-uTjx9RU
"""Developing Healing Perceptions thru Sutta Chanting; Lay Practice""// Bhante Gunaratana",ey2UlPFtwHs
"""Elimination of Taints thru Using (#2)"" // Bhante Gunaratana // Med. & Dhamma Talk // Jun 25, 2020",1OC17f9tsRY
"Q&A on ""Managing Uncertainties; Four Elements, Equanamity"" // Bhante Gunaratana // Jun 26th, 2020",rrXlViZrzkQ
"""Elimination of Taints through Avoiding"" (Talk #3) // Bhante Gunaratana // Jun 27, 2020",epCS4nm_Sak
"Jun 28, 2020 Meditation and Q&A Session // Bhante Gunaratana",vKOdhjQ_CPg
"""Elimination of Taints through Mental Development"" (Talk #4) // Bhante Gunaratana // Jun 30, 2020",lNuvohk41IM
"""Conducting Mental / Physical Investigation"" // Bhante Gunaratana // Meditation & Q&A // Jul 1, 2020",DZW5BTMUcmQ
"Jul 3rd, 2020 Meditation & Q&A session // Bhante Gunaratana",ewP7DfvpqmI
Elimination of Taints (#5): Cultivating Enlightenment Factor for Investigation // Bhante Gunaratana,qHFttBETd3o
"July 5th, 2020 Meditation and Q&A Session // Bhante Gunaratana",vC181FWzgqg
"""Elimination of Taints (Talk #6): Transcendental Dependent Arising (1)"" // Bhante Gunaratana",eoqDCcCA_Y0
"""""Elimination of Taints (#7): Transcendental Dependent Arising II"" // Bhante Gunaratana",7erpML-hh9A
"""Distinguishing Path & Fruition Stage of Enlightenment"" // Bhante Gunaratana // Meditation & Q&A",TZAlDSzhGI8
Elimination of Taints (#8): Turning of the Dhamma-Wheel' // Bhante Gunaratana // Med. & Dhamma Talk,XCGS0CVOGmo
"Clinging (Talk #1): Factor of Dependent Origination // Bhante Gunaratana // July 15, 2020",aUXM2D2sfJc
"""Q&A: Right Concentration; Conducting Investigation"" // Bhante Gunaratana // July 16th, 2020",WJRvc21TRR0
"""Clinging (Talk #2): Factor of Dependent Origination"" // Bhante Gunaratana // Jul 17, 2020",vcqadNSoxf4
"July 18th, 2020 Meditation & Q&A Session // Bhante Gunaratana",7V93wB0Ck14
"""Clinging (Talk #3): The Noble Eightfold Path"" // Bhante Gunaratana // Jul 11, 2020",s6FZ0OggD8I
"""Clinging (Talk #4): Khajjaniya Sutta: Being Devoured - I"" // Bhante Gunaratana // Jul 22, 2020",qLOSp4VX8V0
"July 23rd, 2020 Morning Session // Bhante Gunaratana",_dylPjoabyM
"""Clinging (Talk #5): Khajjaniya Sutta: Being Devoured - II"" // Bhante Gunaratana // Jul 24, 2020",R9fpH2kQZN8
"""How Former Kamma & Aggregates conditions Present"" // Bhante Gunaratana // Meditation & Q&A Session",VL1e5L-MIzc
"Clinging (Talk #6): Khajjaniya Sutta: Being Devoured - III"" // Bhante Gunaratana // Jul 26, 2020",cGvvBN4-vjU
"""Bhaddekaratta Sutta (MN 131): An Excellent Night - I"" // Bhante Gunaratana // Jul 29, 2020",R3JnowlxOck
"""Present Moment; Sexuality; Stream Entry Path; Factors Behind Existence"" // Bhante Gunaratana // Q&A",r7j3aFMi0qg
"""Bhaddekaratta Sutta (MN 131): An Excellent Night - II"" // Bhante Gunaratana // Talk // Jul 31, 2020",1gdp53353ic
"August 1st, 2020 Morning Session // Bhante Gunaratana",4im-HRyWZVg
"Aug 2nd, 2020 Morning Session // Bhante Gunaratana",labdiP5PVNk
2020.08.05 -- Ven. Gunaratana morning Dhamma talk,uH0IwWGtBQo
2020.08.06 -- Morning meditation + Q&A session w/ Ven. Gunaratana,kdgNA9GjNHI
"2020.08.07 -- Ven. Gunaratana Dhamma talk -- ""The Lion's Roar"" and the ""Dhamma Well-Proclaimed""",qO5_QcYSCsE
"2020.08.08 -- Morning meditation + Q&A session w/ Ven. Gunaratana -- ""32 Parts of the Body""",gq-P_h4jNro
"2020.08.09 -- Ven. Gunaratana Dhamma talk -- The Dhamma is Samditthiko, or 'Directly Visible'",sfVUSn-EdFg
"2020.08.12 -- Ven. Gunaratana Dhamma talk -- The Dhamma is Akaliko, or 'Timeless'",f5Fo3FKaquI
"2020.08.15 -- Morning meditation + Q&A session w/ Ven. Gunaratana -- ""Practicing Right Effort""",zVhGUonB5LE
2020.08.16 -- Ven. Gunaratana Dhamma talk -- Sutta study,5SKvtttWdXg
"2020.08.26 -- Ven. Gunaratana Sutta Study -- Day 1, ""Four Foundations of Mindfulness""",Q-x0cI3ponU
"2020.08.27 -- Morning meditation + Q&A session w/ Ven. Gunaratana -- ""Consciousness""",rlC8AbkUNQM
"2020.08.28 -- Ven. Gunaratana Sutta Study -- Day 2, ""Four Foundations of Mindfulness""",KqiH6ya476w
"2020.08.29 -- Morning meditation + Q&A session w/ Ven. Gunaratana -- ""Impermanence & non-self""",pHlX3fJXd1E
"2020.08.30 -- Ven. Gunaratana Sutta Study -- Day 3, ""Four Foundations of Mindfulness""",Bol2ChAsEd0
"2020.09.02 -- Morning meditation + Q&A session w/ Ven. Gunaratana -- ""Suttas exploration""",07c3h20g02Q
"2020.09.03 -- Ven. Gunaratana Sutta Study -- Day 4, ""Four Foundations of Mindfulness""",OTFEtf_uZfA
"2020.09.04 -- Morning meditation + Q&A session w/ Ven. Gunaratana -- ""Anapanasati""",A3o1F0JbnJs
"2020.09.05 -- Ven. Gunaratana Sutta Study -- Day 5, ""Four Foundations of Mindfulness""",We_TjUGUDCI
"2020.09.06 -- Morning meditation + Q&A session w Ven. Gunaratana - ""What makes a sincere meditator?""",Hf240J6hd7w
"2020.09.09 -- Ven. Gunaratana Sutta Study -- Day 6, ""Four Foundations of Mindfulness""",RogrCoT6l5g
"2020.09.10 -- Morning meditation + Q&A session w Ven. Gunaratana - ""The four postures, expanded""",UySYEhCtXIA
"2020.09.11 -- Ven. Gunaratana Sutta Study -- Day 7, ""Four Foundations of Mindfulness""",vebOixmpylQ
"2020.09.12 -- Morning meditation + Q&A session w Ven. Gunaratana - ""Meditation questions answered""",DqjthOtpQs4
"2020.09.13 -- Ven. Gunaratana Sutta Study -- Day 8, ""Four Foundations of Mindfulness""",3wIcYUz00e4
"2020.09.16 -- Ven. Gunaratana Sutta Study -- Day 9, ""Four Foundations of Mindfulness""",RdoBrJyBLkA
"2020.09.17 -- Morning meditation + Q&A session w Ven. Gunaratana - ""Ananda's Enlightenment""",atLBpA_iL14
"2020.09.18 -- Ven. Gunaratana Sutta Study -- Day 10, ""Four Foundations of Mindfulness",fQOuted0uJ0
"2020.09.19 -- Morning meditation + Q&A session w Ven. Gunaratana - ""Impermanence is the ticket""",CAuOhx8taw0
"2020.09.20 -- Ven. Gunaratana Sutta Study -- Day 11, ""Four Foundations of Mindfulness""",b5gsMabfem8
2020.09.24 -- Morning Meditation + Q&A Session w Ven. Gunaratana,ReaeLP96eUU
"2020.09.25 -- Ven. Gunaratana Sutta Study -- Day 12, ""Four Foundations of Mindfulness""",ZGwfFpC9Dm0
2020.09.26 -- Morning Meditation + Q&A Session w Ven. Gunaratana,kGb8M-3eDYM
"2020.09.27 -- Ven. Gunaratana Sutta Study -- Day 13, ""Four Foundations of Mindfulness""",Or43tLOOE1Y
"2020.10.01 -- Ven. Gunaratana Sutta Study -- Day 14, ""Four Foundations of Mindfulness""",gQhKBvizSPE
2020.10.02 - Morning BHAVANA Q&A Session,Cyf7OEhNZiM
2020.10.03 - Morning Meditation & Dhamma talk w/ Bhante G - Satipatthana Sutta,yGOkuhA9giQ
2020.10.04 - Q&A session w/ Bhante G,QNgjDp65FwY
"2020.10.08 - Morning session w/ Bhante G - ""Four Foundations of Mindfulness""",hB8QHwHjvNg
2020.10.09 - Bhavana Morning Session,7Oc1S7V2S8w
2020.10.10 - Bhavana Morning session w/ Bhante G,z5YrTo7f9bc
2020.10.11 - Bhavana Morning session w/ Bhante G,hFz34L7Z6qU
2020.10.15 - Daily Bhavana morning session w/ Bhante G,iPWIVrOS5hA
2020.10.16 - Bhavana Morning session w/ Bhante G,WeW76eZ0fBU
2020.10.17 Morning Session w/ Bhante G,zURlNiRlxmA
"2020.10.18 Meditation, Q&A Session w/ Bhante G",FACjLibJ0OU
"2020.10.23 Meditation, Q&A Session w/ Bhante G",YbhN-tUqPH4
2020.10.24 Morning Session w/ Bhante G,TwvgQPnyTQM
"2020.10.25 Meditation, Q&A Session w/ Bhante G",SIgvSpwoQ_Y
2020.10.29 - Bhavana morning session w/ Bhante G,xB7SR9qcBOg
2020.10.30 - Bhavana morning session w/ Bhante G,9J05EBtmVys
2020.10.31 - Bhavana morning session w/ Bhante G,C_q6jVpD-40
2020.11.01 - Bhavana morning session w/ Bhante G,ym0tvhS4drw
2020.11.05 - Bhavana morning session w/ Bhante G,U_bNe08I1Ts
2020.11.06 - Bhavana morning session w/ Bhante G,D8QZwbUl394
2020.11.07 - Bhavana morning session w/ Bhante G,1JKSN7L-hIo
2020.11.08 - Bhavana morning session w/ Bhante G,AwgcQutnoAA
2020.11.12 - Bhavana morning session w/ Bhante G,w0kUz2ux034
2020.11.13 - Bhavana morning Q&A session w/ Bhante G,_sCjEPOU6vE
2020.08.14 -- Ven. Gunaratana Dhamma talk -- Sutta study on Samiddhi Sutta  (SN 1:20),9NyUCa0LIiU
2020.11.14 - Bhavana morning session w/ Bhante G,TneYjRfUKdk
2020.11.15 - Morning session w/ Bhante G,Wsr1RandZwQ
2020.11.19 - Bhavana morning session w/ Bhante G,og3AitdEN4o
2020.11.20 - Bhavana morning session w/ Bhante G,hRaQ4Ze4Vsg
2020.11.21 - Bhavana morning session w/ Bhante G,83_bGSJvkcw
2020.11.22 - Bhavana morning session w/ Bhante G,9ZLKrB9SQ9A
2020.11.29 - Bhavana morning session w/ Bhante G,Y_J5EY_lkM4
2020.12.03 - Bhavana morning session w/ Bhante G,sumPHLNwrZg
202.11.04 - Bhavana morning session w/ Bhante G,hGvYwIOwr4o
2020.12.05 - Bhavana morning session w/ Bhante G,CzwVNExCuVA
2020.12.10 - Bhavana morning meditation w/ Bhante G,IZP3VM1yDZA
2020.12.11 - Bhavana morning session w/ Bhante G,wB0ypAXoQo4
2020.11.12 - Bhavana morning session w/ Bhante G,W5xcP47kAfY
DAILY BHAVANA Sessions (Passcode metta),UcxgDA2AgKk
DAILY BHAVANA Sessions (Passcode metta),_MVub6THnz0
DAILY BHAVANA Sessions (Passcode metta),KUENq46fQnI
DAILY BHAVANA Sessions (Passcode metta),IlVm_5C3zFY
2021.04.03 - Morning Session w/ Bhante G,NgewRAIV83I
2021.04.03 -- Morning Session w/ Bhante G,DBQZvqtkY4o
2021.04.10 - Meditation & Dhamma talk w/ Bhante G,D_EwscEnKWs
2021.04.11 - Guided Meditation & Dhamma Talk w/ Bhante G,lYW0BEYgQ9I
2021.04.17 - Guided Meditation & Dhamma Talk on Equanimity w/ Bhante G,2YhF84RtNv8
DAILY BHAVANA Sessions (Passcode metta),Xe3p4AdiREM
Equanamity Factor of Enlightenment // Meditation & Dhamma Talk // Bhante Gunaratana // 24 Apr 2021,o1rnqfP3x0g
2021.05.01 - Weekly Guided Meditation & Dhamma talk w/ Bhante G,L5Iozu9be1k
2021.05.02 - Weekly Q&A Session w/ Bhante G,3joAPXVWVlY
2021.05.08 - Weekly Guided Meditation & Dhamma Talk w/ Bhante G,zkEULXLiA-o
2021.05.09 – Weekly Q&A w/ Bhante G,e1N1kvdsi4c
2021.05.16 - Weekly Q&A w/ Bhante G,YP-WNiodMXw
May 22-2021 Understanding Dukkha - Dhamma talk by Bhante Gunaratana,6QnbtolpqBs
Q&A: May 23-2021 Bhante G,xQcy6CCTq4g
"May 29, 2021 Similes on Suffering // Dhamma Talk & Meditation with Bhante G",LQ9Q_lGGFpg
"Practice Guidance on Five Aggregate // Q&A Session and Meditation with Bhante G May 30, 2021",MpKy7NdZ1mA
"5 Jun 2021 ""Causes of Suffering "" Dhamma Talk By Bhante G",3o0yEmk69YQ
2021.06.06 - Q&A session w/ Bhante G,1K9QTUtp4L8
12 Jun 2021 'Right Understanding as Foundation of Peace' // Meditation & Dhamma Talk by Bhante G,inOImPa9Mc4
Weekly Q&A and Meditation with Bhante G June-13-2021,5YNkeCnYFeQ
2021.06.19 - Weekly Meditation & Dhamma Talk w/ Bhante G,jHis_CtxYbA
"2021.06.21 Scenario of ""Divisive Speech"" // Meditation & Q&A Session w/ Bhante G",_sY5p4_BZSg
2021.06.26 Ten Wholesome Actions // Meditation & Dhamma Talk with Bhante Gunaratana,VyN9ewM3HvI
2021.06.27 Killing Tick: Wholesome or Unwholesome Action // Mediation & Q&A w/ Bhante Gunaratana,ZPAEkdWrZWo
2021 Jul 3 Nutriment of Materiality // Talk & Meditation by Bhante Gunratana,k19yG_KILNY
"2022.07.21 - Upali Sutta w/ Bhante G, Sutta Studies Retreat",LepXWm7p0uU
2022.07.23 - Bhante G on Mindfulness of the Six Sense Bases (Four Foundations series),QYuWXXOTQ8g
2022.07.30 - Mindfulness of Dhammas (Sense Bases & Fetters) w/ Bhante G,HPqG-mPxElQ
Q&A weekly BHAVANA Dhamma Sessions 7-4-21 with Bhante G,JgOdZhRPVUc
2021 Jul 10 Understanding Nutriment of Contact // Dhamma Talk & Meditation w/Bhante G,0CmB3cqYBwk
2021 Jul 11 Weekly Q&A & Meditation w/ Bhante Gunaratana,W4qNebiMEq0
2021 Jul 17 Understanding Nutriment of Volition // Dhamma Talk & Meditation w/ Bhante Gunaratana,HRtVS1N53lU
2021 Jul 18 Meditation and Q&A Sessions with Bhante Gunaratana,m1uUZE-k6dQ
2021 Jul 24 Understanding Nutriment of Consciousness | Meditation & Dhamma Talk w/ Bhante Gunaratana,IYfUA-d7BuE
2021 Jul 25 Meditation and Q&A session with Bhante G,dmlI52AOMkY
Understanding Cause & Cessation of Nutriment | Meditation & Talk | Bhante Gunaratana | 31 Jul 2021,fl-tlNHK9nU
Meditation & Q&A wIth Bhante Gunaratana | 2021 August 1,WRmI_1XhO0I
Dhamma Talk | Bhante Gunaratana | 2021 August 1,_17wRsyWzBQ
2021.08.07 - Bhante G's weekly Saturday Dhamma session,hr1xd2QZ0RA
2021.08.08 - Sunday Weekly Meditation & Q&A w/ Bhante G,w4vLoKDK6Oo
Right Understanding of Aging & Death | Bhante Gunaratana | Mediation & Dhamma Talk | 2021 Aug 14,oO0tv8j-198
2021 Aug 15 Meditation and Q&A | Bhante Gunaratana,9pPEB5WHvLo
2021 Aug 21 Dhamma Talk & Meditation | Bhante Gunaratana,lNjFOttWpHo
2021 Aug 22 Q&A - Meditation | Bhante Gunaratana,NRkODiDGruU
BHAVANA Dhamma Sessions,BY_qICeq3YA
2021.08.28 - Saturday morning Dhamma talk w/ Bhante G,bYQfCzocGyg
2021.08.29 - Q&A session w/ Bhante G,ZMmeulXTvlQ
2021.09.04 - Clinging - Saturday Morning Dhamma talk w/ Bhante G,UkVOiyknUvQ
2021.09.05 - Sunday Q&A session w/ Bhante G,07FFaNDlAqw
2021 Sep 12 Meditation & Q&A with Bhante Gunaratana,8F0P0pAiqzA
Understanding craving to bring end to the suffering | Dhamma Talk | Bhante Gunaratana | 2021 Sep 18,9uPh5bkXgMk
2021 Sep 19 Meditation & Q&A Session | Bhante Gunaratana,-J5HB1IFdRo
Right Understanding of Feelings | Meditation & Dhamma Talk | Bhante Gunaratana | 2021 Sep 25,5O61DnXQC8w
2021.09.26 -- Weekly Q&A with Bhante G,e-kM6Y5esWo
Right Understanding of Feeling | Dhamma Talk | Bhante Gunaratana | 2021 Oct 2,3LBFv5rl0bg
2021.10.09 - Bhante G Weekly Dhamma Talk,YSEcCS6F4GY
2021-10-10 Q&A With Bhante G,bHDP0OTXOnI
2021 Oct 16 Dhamma Talk | Bhante Gunaratana,-PN9fI3lsQY
2021 Oct 17 Bhante G Q&A session,8_mPF2-4nRY
2021.10.23 - Bhante G Weekly Dhamma talk,xKM-Hi3rjcg
2021 Oct 30 Dhamma Talk & Meditation | Bhante Gunaratana,f8cAmpDrd5I
2021.10.31 - Guided meditation + Q&A session w/ Bhante G,FCBPIVK1iCI
2021.11.06 - Weekly Meditation & Dhamma talk w/ Bhante G,qADmj1PWi7U
2021.11.07 - Weekly Guided Meditation + Q&A w/ Bhante G,aN1cmxSe_OU
2021.11.20 - Weekly Guided Meditation & Dhamma Talk w/ Bhante G,YOE0Q67sHMU
2021.11.21 - Weekly Guided Meditation + Q&A Session w/ Bhante G,UnOp6wBCRwQ
2021.11.27 - Weekly Guided Meditation & Dhamma Talk w/ Bhante G,l6lp5KsYNCE
2021.11.28 - Weekly Guided Meditation + Q&A w/ Bhante G,gAl3V4vGyqs
2021.11.04 Dhamma Talk & Meditation | Bhante Gunaratana,J1kGg2WQtI4
2021.11.05 Meditation & Q&A | Bhante Gunaratana,7cxdh2wFMyc
2022.03.19 - Intro to the 37 & 7 Factors of Enlightenment,K-UKpT-nmcw
2022.03.20 - Weekly Q&A session w/ Bhante G (Topics described in video description),8H4CCRkuJzk
2022.03.26 Arousing Factors of Enlightenment | Meditation & Dhamma Talk | Bhante Gunaratana,MAzVOuLepE4
"""The Healing Potential of the Factors of Enlightenment"" | Meditation & Talk | Bhante Gunaratana",GUGZkepB2AA
"Q&A on 'Mindfulness of Breathing', Meditation w/ Bhante G | 2022.03.27",Mpum4u4pikY
"2022.04.03 Q&A on 'Levels of Equanimity, Feelings' | Meditation & Q&A with Bhante Gunaratana",gQO72aCuXR0
2022.04.16 - Bhante G on the Concentration Factor of Enlightenment,3_qpbN9LFEI
"2022.04.17 - Bhante G, Q&A session (Metta, Right Effort, Jhanic ""Powers,"" & more)",P9Sp72Isvhw
2022.04.23 - Bhante G Dhamma talk on the Four Foundations of Mindfulness Factor of Enlightenment,ln39L7isWEI
4-24-2022-Bhavana Society Dhamma Talk with Bhante G,v1H4Xfp9EZk
"2022.04.30 - Bhante G Dhamma Talk on the '32 Parts of the Body', Part 1",F4N9QPA_paw
2022.05.01 - Q&A w/ Bhante G (topics in video description),jmPZ1gE4u-U
"2022.May 7 ""Asubha "" or Non-attractive Contemplation of Body | Meditation Dhamma Talk By Bhante G",YgU9bWdYyNo
2022.05.08 - Weekly Q&A with Bhante G (topics in description below),73WYvKyULsw
2022.05.14 - Bhante G Dhamma talk on Mindfulness of the Elements (description below),hwm95JWyim8
5-21-2022 Charnel ground contemplation | Dhamma Talk with Bhante G,3P5Em40ktHg
5-22-2022 Bhavana Society Dhamma Talk with Bhante G,HHzV7LzDWKw
"2022 May 29, Intro to Meditation Retreat, Guided Meditation and Dhamma Talk, Bhante Gunaratana",2ql-g6K3APM
"2022 May 29, Intro to Meditation Retreat, Dhamma Talk, Bhante Gunaratana",5r2HIdqnuA0
"2022 May 30, Intro to Meditation Retreat, Guided Meditation and Dhamma Talk, Bhante Gunaratana",isf-MYMqd5k
"2022 May 31, Intro to Meditation Retreat, Meditation and Closing Talk, Bhante Gunaratana",bFL-UlkJtkI
2022.06.04 - Bhante G on Mindfulness of the Mind,kndw5WL67Co
6-5-2022 Bhavana Society Dhamma Talk with Bhante G,O5WC-ETZR7c
2022.06.11 - Bhante G Dhamma talk on Mindfulness of Dhammas,h_-Nu_u7lvA
6-12-2022 Bhavana Society Dhamma Talk with Bhante G,lbcfNXPc7iA
"2022 Monastic Retreat, Talk #2, Part 1 of 2, ""Nibbedhika Sutta"" (Bhante G)",jbOI5G61EvU
"2022 Monastic Retreat, Talk #3, Part 2 of 2, ""Nibbedhika Sutta"" (Bhante G)",D2kqtNp-N4k
"2022 Monastic Retreat, Talk #5, ""Adittapariyaya Sutta"" (Bhante G)",WjS5f0g0ti4
"2022 Monastic Retreat, Talk #7, Part 1 of 2, ""Anattalakkhana Sutta"" (Bhante G)",_5MeI2W5YBE
"2022 Monastic Retreat, Talk #8, Part 2 of 2, ""Anattalakkhana Sutta"" (Bhante G)",MZKRgjfqMR0
"2022 Monastic Retreat, Talk #10, ""Magandiya Sutta"" (Bhante G)",FeFuWaiHMsU
"2022 Monastic Retreat, Talk #12, Part 1 of 2, ""Madhupindika Sutta"" (Bhante G)",4jzcsFUlR38
"2022 Monastic Retreat, Talk #13, Part 2 of 2, ""Madhupindika Sutta"" (Bhante G)",OE6hcVNIBHE
"2022 Monastic Retreat, Talk #15, Part 1 of 2, ""Satipatthana Sutta"" (Bhante G)",3fxr1b8eDZU
"2022 Monastic Retreat, Talk #16, Part 2 of 2, ""Satipatthana Sutta"" (Bhante G)",BZcDKYQGj_0
6-26-22 Bhavana Society Dhamma Talk with Bhante G,mt-x1kZPIoA
7-2-2022 Bhavana Society Dhamma Talk with Bhante G,XI_Yb-w14m8
7-3-2022 Bhavana Society Dhamma Q&A with Bhante G,Z12ovuCtIrs
7-9-2022 Bhavana Society Dhamma Talk with Bhante G,ZnX9xi4B2l0
"2022.07.10 - Weekly Q&A Session w/ Bhante G (Fetters, Jhanas, Gradual Path, Craving, & Kamma)",bSinYH8Vtgw
2022.07.10 - Dhamma for Kids,LQTyURAABos
2022.07.19 MN 2 Sabbasava Sutta: Discourse on All Āsavas | Bhante Gunaratana | Sutta Studies Retreat,uF9aCvaxxK8
2022.08.06 - Bhante G Kids Retreat Talk,bdYhTP6AETw
"2022.08.07 - Bhante G Q&A (supra mundane, luminous mind, Buddha's qualities, breath, & more)",jr5s5jhvufg
2022.08.13 - Mindfulness Factor of Enlightenment (Bojjhangas) Dhamma talk w/ Bhante G,Ta30oo8XSKY
"2022.08.14 Q&A on ""Element Contemplation, Luminous Mind, Non-wanting Joy, Volition, Influxes""",1Pe-PE5TS2s
08-20-2022 Bhavana Society Dhamma Talk with Bhante G,x_A--eAQJ1g
08-21-2022 Bhavana Society Dhamma Q&A with Bhante G,NjdWNrY1lCc
2022.08.27 Investigation Factor of Enlightenment | Dhamma Talk by Bhante G,lD7CJVcu9-Y
08-28-2022 Bhavana Society Dhamma Q&A with Bhante G,WAtAxl8FEas
2022.09.03 Effort Factor of Enlightenment | Dhamma Talk by Bhante Gunaratana,77egRVNT_II
2022.09.04 Q&A with Bhante G | Bhavana Society Dhamma Sessions,lFaog7nl7Gs
2022.09.10 Arousing Joy Factor of Enlightenment | Dhamma Talk by Bhante Gunaratana,SRGU6dwr5F4
Closing Talks,kJAL2GSEDw8
2022.09.17 - Bhante G on the Tranquility Factor of Enlightenment,cN7H8rNrJFI
2022.09.18 Q&A with Bhante G (Seven Factors of Enlightenment),xIg6VDvKs0Y
2022.09.24 - Bhante G Dhamma talk on the Concentration Factor of Enlightenment,VOkwKBNu85g
9-25-2022 Dhamma Q&A with Bhante G,skDH1pFcP4g
2022.10.01 - Bhante G Dhamma talk on Concentration Bojanga,ZxjjXzpFxNw
2022.10.02 - Q&A w/ Bhante G (description below),pZTBCcK6I9g
10-08-2022 Bhavana Society Dhamma Talk by Bhante G,6L3WJ8rC0k0
2022-10-15 Concentration Factor of Enlightenment (Contd.) Dhamma Talk with Bhante G,RiAo-sKXMiM
2022-10-16 Q&A session with Bhante G,6iJH5rC8tU4
2022 Oct 22 Fourth Jhana - Equanimity - Concentration Factor of Enlightenment Talk with Bhante G,_dBEJo8C6Eo
2022 Oct 23 Q&A session with Bhante Gunaratana,fuVlCPBmHdw
Noble Eightfold Path Retreat 2022,Gv92YDeHkb0
Bhavana Society Dhamma Meetings,6bOrIj9q6Io
Bhavana Society Dhamma Q&A with Bhante G,htPxUmkkO7Q
"""Impermanence in Plain English"" Book Launch",2ebmr7LaQRc
Bhavana Society Dhamma Talk by Bhante G,USnL_uEqR-E
12-11-22 Bhavana Society Dhamma Q&A with Bhante G,qiVy_4FB9zk
Anapanasati sutta - part 1 - Q&A - 03/19/23,oUC45v2SLkQ
Kids talk #1- 3/19/23,z52vZNEe_Cc
Anapanasati sutta - part 2 - 03/25/23,NSfvfBjedUU
Anapanasati sutta - part 2 - Q&A - 03/26/23,5VDejFcm5_o
Kids talk #2- 3/26/23,WKQ9zicMoIw
Anapanasati sutta - part 3 - Q&A - 04/02/23,PQ6nzVtyySg
Metta Retreat - Part 2 - Day 1,86hxcOvfDk4
Metta Retreat - Part 5 - Day 2 - Morning Dhamma Talk (04/09/23),0GXbBwbqz1k
Metta Retreat - Part 8 - Closing Talk,XcXyw_giStw
Anapanasati sutta - part 4 - Q&A - 03/16/23,cRmHHRWyaa4
Anapanasati sutta - part 5 - 04/22/23,Ip63PMCO6xA
Anapanasati sutta - part 5 - Q&A - 04/22/23,oUIyYroLaPY
Kids talk #6- 04/23/23,iEcl91MLtC8
Anapanasati sutta - part 6 - 04/29/23,r2EmGQHQGK4
Anapanasati sutta - part 6 - Q&A 04/30/23,-sCIPyWYvkg
Kids talk #6- 04/30/23,kCXBEk0wrRY
Noble Eightfold Path Retreat 2022 Meditation,kjt8UJwjPIA
Noble Eightfold Path Retreat 2022 Meditation (Bhante G),jjlei5uC3Qs
Noble Eightfold Path Retreat 2022 Meditation (Bhante G),eEfLGCDp1BU
2022 Oct 29 Enlightenment Factor of Equanimity | Dhamma Talk with Bhante G,l8wmIrsGxNE
2022.10.30 Q&A with Bhante Gunaratana,RL4SOH9Ct64
2022 Nov 26 Dhamma Talk by Bhante G,SNXr4ewUyfw
2022 Nov 27 Q&A Session with Bhante G,9DZJLt9_Ngk
Bhante G // Vesak Dhamma Talk,bwUO-IidWBo
2023 May 6 Vesak Q&A with Bhante G,3qAd3GhRXXI
2023 May 7 Anapanasati Q&A session with Bhante G,Lii6u2WurVk
2023-05-13 Bhavana Society Dhamma Talk with Bhante G (Anapannasati),FvTOCg74ZUc
14 May 2023 Q & A session with Bhante G,0vcshCsk7MY
14 May 2023 Dhamma talk by Bhante G,i1zibccSGlQ
21 May 2023 Six Elements Dhamma Talk By Bhante G,_FMb_LDw_-0
21 May 2023 Q & A session with Bhante G,M31JjsyxjIw
21 May 2023 Kids dhamma lessons by Bhante G,oZavwQ6t5u8
7 Factors of Enlightenment // Viriya (Effort) Dhamma Talk and Meditation // Bhante G,YKyClqiOP4A
28 May 2023 Dhamma session with Bhante G,mbXLXDJT7Fo
28 May 2023 Dhamma talk with Bhante G,z6vxdfCYS28
4 Jun 2023 Q&A session with Bhante G,un8_T2Vbj_4
4 Jun 2023 Kids Dhamma class with Bhante G,TQiPymlMhdQ
10 Jun 2023 Bhavana Society Dhamma Meetings,1jeiX_9txN8
11 Jun 2023 Dhamma class with Bhante G,CNBZfk8qicE
17 Jun 2023 Dhamma Talk with Bhante G,wVnVuWjPu4g
18 Jun 2023 Q&A session with Bhante G,56ut5qpWWdI
18 Jun 2023 Afternoon Dhamma Talk with Bhante G,gyGeZEF7JmQ
20 Jun 2023 Monastic Retreat Dhamma Talk by Bhante G,vht1kd5Jkn8
21 Jun 2023 Monastic Retreat Dhamma Talk by Bhante G,87MfWsthhQ4
22 Jun 2023 Monastic Retreat Dhamma Talk by Bhante G,7dF_3t5DIEs
23 Jun 2023 Monastic Retreat Dhamma Talk by Bhante G,GUzkJEZ_Vh0
24 Jun 2023 Dhamma Talk by Bhante G,uC4LWWgUl78
25 Jun 2023 Q&A with Bhante G,MRp3JaN_Y3g
25 Jun 2023 Afternoon Dhamma Talk by Bhante G,wB0tVJD01Nc
1 Jul 2023 'Four Floods' Dhamma Talk By Bhante G,PnoJOmKnv5c
2 Jul 2023 Q&A with Bhante G,VgM86E03A7Y
2 Jul 2023 Afternoon Dhamma Talk By Bhante G,E20GJFb16ts
8 Jul 2023 SN 1:2 Freedom Nimokkha Sutta | Dhamma Talk | Bhante Gunaratana,S261lX5xR2o
9 Jul 2023 Q&A with Bhante G,dVy1p5CV5Ts
9 Jul 2023 Afternoon Dhamma Session By Bhante G,mfySjEYKYC8
15 Jul 2023 Buddha's judging criteria for an Enlightened One's | Dhamma Talk By Bhante Gunaratana,jYqCwLEdzsY
Bhavana Society Dhamma Meetings,DjAGz3fJr9c
7-18-2023 Bhante G Sabbasva Sutta,0lw1GB0ridY
7-19-2023 Bhante G Anuruddha Sutta,IGD6U8U9_84
7-21-2023 Bhante G Sutta Summery,0DsJRYcmbsI
22 Jul 2023 SN 3:1 Young Dahara Sutta: Young Buddha meets King of Kosala | Dhamma Talk by Bhante G,4oensfqcD-w
22 Jul 2023 Q&A with Bhante G,u0fsVd8oyMA
Bhavana Society Dhamma Meetings,864ex9TzxCg
Bhavana Society Dhamma Meetings,dY2R9Nl2XEA
Bhavana Society Dhamma Meetings,dvkaqYFr_wg
Bhavana Society Dhamma Meetings,c3muVJt72V4
Bhavana Society Dhamma Meetings,mHhSRL2L5qA
2021 Oct 3 Meditation & Q&A Session | Bhante Gunaratana,4rfkDzcztcM
"2022.07.24 Q&A on ""Buddha's Pari-nibbana, Fetters, Self-identity, Rebirth"" with Bhante Gunaratana",QWtcNjbaGUE
"2022.07.20 - Alagaddupama Sutta w/ Bhante G, Sutta Studies Retreat",W38__A4jFSQ
2022.07.31 - Q&A w/ Bhante G (Mental irritation; the Dhamma as Teacher; Sallekha Sutta; not-self),lZQ_Lqjupj4
Sabbasawa Sutta- Bhavana Society Dhamma Sessions,dJDXLCYb7Go
Bhante G Metta Retreat 2004 Day 10,3conWpfJ8cA
Bhante G Metta Retreat 2004 Day 01,ENVBuydzmkY
Bhante G Metta Retreat 2004 Day 06,ZHMecdpjSI4
Bhante G Metta Retreat 2004 Day 04,5jgZdji_KrU
Bhante G Metta Retreat 2004 Day 07,cQUUfhHjJVM
Bhante G Metta Retreat 2004 Day 03,CS3P6XrXAOE
Bhante G Jhana Retreat 2001 01  B guided meditation,YjWnKN-x6Sw
Bhante G Jhana Retreat 2001 01 dhamma talk,XC-DPXyFTFs
Bhante G Metta Retreat 2004 Day 08,Uk4E5_Q29go
Bhante G Metta Retreat 2004 Day 02,yCUW4Ycy8Yw
Bhante G Metta Retreat 2004 Day 05,6KLJecqX_EM
Bhante G Jhana Retreat 2001 02  B guided meditation,Lefw_NtRxLU
Bhante G Metta Retreat 2004 Day 09 .mp4,Abc_hX9gmEo
Bhante G Jhana Retreat 2001 01  A guided meditation,6jzK77Go2Zo
Bhante G Jhana Retreat 2001 02  A guided meditation,KbT6Y8GRkps
Bhante G Jhana Retreat 2001 05  B guided meditation,OKpOvd2rtro
Bhante G Jhana Retreat 2001 02 dhamma talK,jKH6DGPJbpI
Bhante G Jhana Retreat 2001 03  B guided meditation,fdyeVGgL4s8
Bhante G Jhana Retreat 2001 03  A guided meditation,Ky8h5uj3bNI
Bhante G Jhana Retreat 2001 04  B guided meditation,d7WICM-8v9U
Bhante G Jhana Retreat 2001 09 dhamma talK.mp4,4_8YAVAVAmc
Bhante G Jhana Retreat 2001 05  A guided meditation,sGmWWbrpWRA
Bhante G Jhana Retreat 2001 06  A guided meditation,l4_2mH-30HA
Bhante G Jhana Retreat 2001 08  B guided meditation,PyLBgTy9c4Q
Bhanie G Jhana Retreat 2001 10 Q A,vrjJzhjzNbo
Bhante G Jhana Retreat 2001 07  B guided meditation,4rDa7mJnTbc
Bhante G Jhana Retreat 2001 04  A guided meditation,YauWLkFFnHg
Bhante G Jhana Retreat 2001 07  A guided meditation,s3pQBv7ZV2E
Bhante G Jhana Retreat 2001 03 dhamma talK,lhKgTl9_7IQ
Bhante G Jhana Retreat 2001 04 dhamma talK,539U52Gf5Po
Bhante G Jhana Retreat 2001 07 dhamma talK,N9HDetUyhGA
Bhante G Jhana Retreat 2001 05 dhamma talK,Qr23zaUAIjc
Bhante G Jhana Retreat 2001 06 dhamma talK,O6uYvb1gFbc
Bhante G Jhana Retreat 2001 08  A guided meditation,W0iVl7R_Pcg
Bhante G Jhana Retreat 2001 08 dhamma talK,FG6aDyHsskI
Bhavana Society Dhamma Meetings,YrbcOq2iYmU
Bhavana Society Dhamma Meetings,72Z44o89hXs
Bhavana Society Dhamma Meetings,zZXP-snhRjA
Bhavana Society Dhamma Meetings,rmHnr8tp_EU
Bhante G Satipathana Sutta Retreat And Monastic Training 2003 09 feelings .mp4,0FDw7_q6Hv8
Bhante G Satipathana Sutta Retreat And Monastic Training 2003 23 dhamma  factors of enlightenment 2,NWM7KNYEBUM
Bhante G Satipathana Sutta Retreat And Monastic Training 2003 22 dhamma  factors of enlightenment 1,n5G642fkbXA
Bhante G Satipathana Sutta Retreat And Monastic Training 2003 27 dhamma  four noble truths 3,Gpjp3eaA8b8
Bhante G Satipathana Sutta Retreat And Monastic Training 2003 13 dhamma  five hindrances 3 .mp4,QAVLBwrD4EY
Bhante G Satipathana Sutta Retreat And Monastic Training 2003 11 dhamma  five hindrances 1,5lUxkGK66D0
Bhante G Satipathana Sutta Retreat And Monastic Training 2003 25 dhamma  four noble truths 1,jFS5hGmidOQ
Bhante G Satipathana Sutta Retreat And Monastic Training 2003 10 the mind,wC9SVwZvasE
Bhante G Satipathana Sutta Retreat And Monastic Training 2003 28 conclusion,YDlXm9xccnM
Bhante G Satipathana Sutta Retreat And Monastic Training 2003 08 the body  death,LyT69jD_IR4
Bhante G Satipathana Sutta Retreat And Monastic Training 2003 21 dhamma  ten fetters 3,uzfe4AUILfA
Bhante G Satipathana Sutta Retreat And Monastic Training 2003 17 dhamma  five aggregates 3,PWdZhHaY1iI
Bhante G Satipathana Sutta Retreat And Monastic Training 2003 16 dhamma  five aggregates 2,3A7aKvg7Bas
Bhante G Satipathana Sutta Retreat And Monastic Training 2003 14 a question on practice 1,dIC30_kGEhY
Bhante G Satipathana Sutta Retreat And Monastic Training 2003 18 a question on practice 2,8rfybr-xTlY
Bhante G Satipathana Sutta Retreat And Monastic Training 2003 01 Introduction and setting,8i_uFQSX99M
Bhante G Satipathana Sutta Retreat And Monastic Training 2003 04 the body  postures,gVs9PUDlh6E
Bhante G Satipathana Sutta Retreat And Monastic Training 2003 26 dhamma  four noble truths 2,Z_R7AHolAZw
Bhante G Satipathana Sutta Retreat And Monastic Training 2003 02 the body  breath 1,SQ70t026RYk
Bhante G Satipathana Sutta Retreat And Monastic Training 2003 07 the body  elements,RlIt9Xvb5C8
Bhante G Satipathana Sutta Retreat And Monastic Training 2003 03 the body  breath 2 .mp4,5F_RK4pamsI
Bhante G Satipathana Sutta Retreat And Monastic Training 2003 06 the body  parts,0zCaH2G_lRI
Bhante G Satipathana Sutta Retreat And Monastic Training 2003 20 dhamma  ten fetters 2,sc2QziZi4Pg
Bhante G Satipathana Sutta Retreat And Monastic Training 2003 12 dhamma  five hindrances 2,P1T6a8R8Rjg
Bhante G Satipathana Sutta Retreat And Monastic Training 2003 05 the body  clear comprehension,Ze8NA4kiGy0
Bhante G Satipathana Sutta Retreat And Monastic Training 2003 24 dhamma  factors of enlightenment 3,QBetuT9txl4
Bhante G Satipathana Sutta Retreat And Monastic Training 2003 19 dhamma  ten fetters 1,5rw19NZeZ38
Bhante G Satipathana Sutta Retreat And Monastic Training 2003 15 dhamma  five aggregates 1,dJmxdZXrco0
